date,securities_code,securities_name,buy,sell
2021-11-03,2409  ,友達            ,"73,130,114","34,446,793",
2021-11-03,2344  ,華邦電          ,"28,117,163","8,319,000",
2021-11-03,2610  ,華航            ,"46,727,694","31,888,454",
2021-11-03,3481  ,群創            ,"89,226,128","76,319,445",
2021-11-03,1314  ,中石化          ,"12,858,000","2,011,000",
2021-11-03,6116  ,彩晶            ,"14,712,000","6,319,000",
2021-11-03,2337  ,旺宏            ,"11,909,000","3,794,060",
2021-11-03,2340  ,光磊            ,"13,281,050","6,544,491",
2021-11-03,1605  ,華新            ,"9,020,914","2,320,000",
2021-11-03,2408  ,南亞科          ,"9,567,529","2,937,139",
2021-11-03,2891  ,中信金          ,"11,265,121","4,738,750",
2021-11-03,2023  ,燁輝            ,"8,329,000","1,947,000",
2021-11-03,3035  ,智原            ,"10,999,200","4,870,795",
2021-11-03,4960  ,誠美材          ,"6,452,000","438,000",
2021-11-03,6191  ,精成科          ,"5,058,000","546,502",
2021-11-03,"=""0056  """,元大高股息      ,"4,152,765","30,028",
2021-11-03,3706  ,神達            ,"4,279,000","326,000",
2021-11-03,3189  ,景碩            ,"10,050,170","6,195,964",
2021-11-03,2027  ,大成鋼          ,"6,001,000","2,225,999",
2021-11-03,2002  ,中鋼            ,"10,574,397","7,039,100",
2021-11-03,1612  ,宏泰            ,"3,983,000","504,000",
2021-11-03,1710  ,東聯            ,"6,886,000","3,427,000",
2021-11-03,2324  ,仁寶            ,"5,902,638","2,708,000",
2021-11-03,"=""00893 """,國泰智能電動車  ,"4,044,000","915,000",
2021-11-03,3033  ,威健            ,"4,955,000","1,831,832",
2021-11-03,2376  ,技嘉            ,"9,638,367","6,561,781",
2021-11-03,1308  ,亞聚            ,"5,721,000","2,722,020",
2021-11-03,"=""00637L""",元大滬深300正2  ,"3,443,000","445,000",
2021-11-03,2022  ,聚亨            ,"3,704,000","780,000",
2021-11-03,1905  ,華紙            ,"3,363,000","454,000",
2021-11-03,2492  ,華新科          ,"5,085,000","2,204,000",
2021-11-03,2030  ,彰源            ,"5,182,030","2,405,000",
2021-11-03,2329  ,華泰            ,"3,952,000","1,252,291",
2021-11-03,1440  ,南紡            ,"5,117,000","2,510,000",
2021-11-03,2618  ,長榮航          ,"33,196,493","30,653,200",
2021-11-03,2498  ,宏達電          ,"3,754,000","1,212,200",
2021-11-03,2481  ,強茂            ,"16,599,030","14,274,725",
2021-11-03,6226  ,光鼎            ,"4,263,000","1,968,000",
2021-11-03,8112  ,至上            ,"2,797,000","534,737",
2021-11-03,2014  ,中鴻            ,"7,372,000","5,160,000",
2021-11-03,2313  ,華通            ,"3,946,000","1,804,150",
2021-11-03,1304  ,台聚            ,"3,314,000","1,208,000",
2021-11-03,3059  ,華晶科          ,"2,809,000","725,000",
2021-11-03,2031  ,新光鋼          ,"3,396,010","1,380,000",
2021-11-03,4927  ,泰鼎-KY         ,"2,704,000","712,897",
2021-11-03,2323  ,中環            ,"2,210,000","273,000",
2021-11-03,8110  ,華東            ,"3,387,000","1,475,656",
2021-11-03,1447  ,力鵬            ,"2,711,000","800,000",
2021-11-03,2515  ,中工            ,"2,701,000","838,000",
2021-11-03,1301  ,台塑            ,"4,964,127","3,144,000",
2021-11-03,9945  ,潤泰新          ,"3,513,500","1,750,982",
2021-11-03,2330  ,台積電          ,"8,595,797","6,872,543",
2021-11-03,2399  ,映泰            ,"1,807,000","207,873",
2021-11-03,6251  ,定穎            ,"3,626,000","2,030,200",
2021-11-03,3006  ,晶豪科          ,"3,636,152","2,043,000",
2021-11-03,2331  ,精英            ,"2,840,000","1,288,603",
2021-11-03,2034  ,允強            ,"1,861,025","321,000",
2021-11-03,2007  ,燁興            ,"3,020,000","1,517,000",
2021-11-03,2388  ,威盛            ,"5,161,000","3,686,648",
2021-11-03,1312  ,國喬            ,"2,670,500","1,209,000",
2021-11-03,1409  ,新纖            ,"1,674,000","219,000",
2021-11-03,3702  ,大聯大          ,"1,841,800","415,189",
2021-11-03,1455  ,集盛            ,"3,367,000","1,965,407",
2021-11-03,2354  ,鴻準            ,"2,170,478","793,701",
2021-11-03,2010  ,春源            ,"1,635,000","299,000",
2021-11-03,"=""00894 """,中信小資高價30  ,"1,327,000","22,000",
2021-11-03,2038  ,海光            ,"2,774,000","1,478,000",
2021-11-03,"=""00897 """,富邦基因免疫生技,"1,256,000","1,000",
2021-11-03,"=""00895 """,富邦未來車      ,"1,245,200","41,000",
2021-11-03,2069  ,運錩            ,"1,526,000","335,000",
2021-11-03,1711  ,永光            ,"3,129,000","1,992,000",
2021-11-03,3588  ,通嘉            ,"1,946,099","846,963",
2021-11-03,6257  ,矽格            ,"1,573,000","475,703",
2021-11-03,1560  ,中砂            ,"1,366,000","269,000",
2021-11-03,6213  ,聯茂            ,"1,701,000","635,000",
2021-11-03,4961  ,天鈺            ,"2,099,000","1,036,127",
2021-11-03,2476  ,鉅祥            ,"3,293,000","2,270,000",
2021-11-03,3017  ,奇鋐            ,"2,465,000","1,445,748",
2021-11-03,2454  ,聯發科          ,"2,452,742","1,470,899",
2021-11-03,8163  ,達方            ,"1,334,000","362,000",
2021-11-03,2017  ,官田鋼          ,"1,241,000","278,000",
2021-11-03,6153  ,嘉聯益          ,"1,095,000","134,751",
2021-11-03,2390  ,云辰            ,"1,281,000","338,848",
2021-11-03,3231  ,緯創            ,"3,557,937","2,616,766",
2021-11-03,1305  ,華夏            ,"3,358,950","2,431,000",
2021-11-03,2029  ,盛餘            ,"1,210,000","285,000",
2021-11-03,1313  ,聯成            ,"3,167,000","2,244,000",
2021-11-03,1309  ,台達化          ,"1,171,000","255,200",
2021-11-03,4919  ,新唐            ,"2,433,000","1,524,449",
2021-11-03,8103  ,瀚荃            ,"2,499,000","1,602,050",
2021-11-03,3049  ,和鑫            ,"1,407,000","529,000",
2021-11-03,"=""035739""",亞光國票0B購01  ,"849,000",0,
2021-11-03,2028  ,威致            ,"1,204,000","372,000",
2021-11-03,2371  ,大同            ,"3,723,000","2,918,000",
2021-11-03,8215  ,明基材          ,"3,279,000","2,474,772",
2021-11-03,3714  ,富采            ,"1,735,110","932,803",
2021-11-03,1802  ,台玻            ,"2,841,632","2,041,000",
2021-11-03,6278  ,台表科          ,"1,344,000","553,790",
2021-11-03,8021  ,尖點            ,"2,364,000","1,578,797",
2021-11-03,9103  ,美德醫療-DR     ,"816,000","37,000",
2021-11-03,2465  ,麗臺            ,"1,577,000","815,000",
2021-11-03,1734  ,杏輝            ,"1,097,000","352,000",
2021-11-03,9958  ,世紀鋼          ,"1,071,000","339,000",
2021-11-03,2020  ,美亞            ,"781,000","54,000",
2021-11-03,5469  ,瀚宇博          ,"784,000","80,426",
2021-11-03,2332  ,友訊            ,"1,804,000","1,107,101",
2021-11-03,2352  ,佳世達          ,"1,689,000","993,598",
2021-11-03,2013  ,中鋼構          ,"904,000","213,000",
2021-11-03,2032  ,新鋼            ,"795,000","126,000",
2021-11-03,2353  ,宏碁            ,"4,163,428","3,494,749",
2021-11-03,2442  ,新美齊          ,"772,000","104,000",
2021-11-03,1806  ,冠軍            ,"769,000","106,000",
2021-11-03,3712  ,永崴投控        ,"892,000","232,000",
2021-11-03,2484  ,希華            ,"947,000","293,000",
2021-11-03,2301  ,光寶科          ,"1,924,522","1,276,748",
2021-11-03,6269  ,台郡            ,"1,024,000","379,439",
2021-11-03,2358  ,廷鑫            ,"1,548,000","913,000",
2021-11-03,2363  ,矽統            ,"3,521,635","2,895,305",
2021-11-03,3665  ,貿聯-KY         ,"859,000","242,000",
2021-11-03,5531  ,鄉林            ,"811,000","204,000",
2021-11-03,2383  ,台光電          ,"1,350,000","756,929",
2021-11-03,2851  ,中再保          ,"644,000","51,000",
2021-11-03,6164  ,華興            ,"753,000","166,000",
2021-11-03,5285  ,界霖            ,"2,421,010","1,843,000",
2021-11-03,4967  ,十銓            ,"846,000","271,000",
2021-11-03,3504  ,揚明光          ,"1,448,000","876,000",
2021-11-03,2349  ,錸德            ,"623,000","53,000",
2021-11-03,1444  ,力麗            ,"2,868,000","2,309,000",
2021-11-03,2367  ,燿華            ,"684,000","133,000",
2021-11-03,2345  ,智邦            ,"3,147,441","2,599,207",
2021-11-03,1517  ,利奇            ,"760,000","219,000",
2021-11-03,1310  ,台苯            ,"1,194,000","667,000",
2021-11-03,2915  ,潤泰全          ,"1,310,000","796,000",
2021-11-03,5607  ,遠雄港          ,"1,125,000","622,000",
2021-11-03,4958  ,臻鼎-KY         ,"984,367","482,038",
2021-11-03,"=""030423""",聯詠元大12購01  ,"500,000",0,
2021-11-03,1608  ,華榮            ,"884,000","398,000",
2021-11-03,1904  ,正隆            ,"1,459,000","1,000,517",
2021-11-03,8011  ,台通            ,"474,000","33,000",
2021-11-03,2208  ,台船            ,"2,571,000","2,133,000",
2021-11-03,2393  ,億光            ,"737,000","300,686",
2021-11-03,2385  ,群光            ,"720,305","289,041",
2021-11-03,2317  ,鴻海            ,"5,792,716","5,364,417",
2021-11-03,8150  ,南茂            ,"1,926,000","1,500,313",
2021-11-03,2882  ,國泰金          ,"3,780,654","3,357,000",
2021-11-03,9933  ,中鼎            ,"534,000","116,000",
2021-11-03,2104  ,國際中橡        ,"729,332","319,000",
2021-11-03,"=""00631L""",元大台灣50正2   ,"463,000","58,000",
2021-11-03,2375  ,凱美            ,"772,000","370,000",
2021-11-03,1217  ,愛之味          ,"454,000","59,000",
2021-11-03,3047  ,訊舟            ,"415,000","21,000",
2021-11-03,1810  ,和成            ,"476,000","84,000",
2021-11-03,1227  ,佳格            ,"610,000","219,773",
2021-11-03,1903  ,士紙            ,"463,000","77,000",
2021-11-03,8429  ,金麗-KY         ,"481,000","103,000",
2021-11-03,"=""0050  """,元大台灣50      ,"590,935","213,010",
2021-11-03,1452  ,宏益            ,"407,000","30,000",
2021-11-03,3005  ,神基            ,"911,000","534,402",
2021-11-03,2419  ,仲琦            ,"731,000","355,000",
2021-11-03,4141  ,龍燈-KY         ,"826,000","456,000",
2021-11-03,3026  ,禾伸堂          ,"592,000","223,889",
2021-11-03,6533  ,晶心科          ,"638,000","272,795",
2021-11-03,2472  ,立隆電          ,"439,000","73,948",
2021-11-03,3014  ,聯陽            ,"540,000","185,000",
2021-11-03,3443  ,創意            ,"1,042,000","688,914",
2021-11-03,2392  ,正崴            ,"476,000","125,635",
2021-11-03,2347  ,聯強            ,"1,694,700","1,346,000",
2021-11-03,2456  ,奇力新          ,"684,000","345,000",
2021-11-03,3209  ,全科            ,"413,000","75,000",
2021-11-03,4956  ,光鋐            ,"507,000","171,000",
2021-11-03,3583  ,辛耘            ,"804,000","472,000",
2021-11-03,3048  ,益登            ,"377,000","49,000",
2021-11-03,3413  ,京鼎            ,"402,000","77,000",
2021-11-03,3312  ,弘憶股          ,"361,000","39,000",
2021-11-03,2812  ,台中銀          ,"858,000","537,000",
2021-11-03,2537  ,聯上發          ,"351,000","31,000",
2021-11-03,2535  ,達欣工          ,"388,000","70,000",
2021-11-03,5471  ,松翰            ,"445,000","127,000",
2021-11-03,2478  ,大毅            ,"387,000","70,000",
2021-11-03,8070  ,長華*           ,"1,026,000","709,000",
2021-11-03,"=""00673R""",期元大S&P原油反1,"316,000",0,
2021-11-03,1727  ,中華化          ,"2,431,000","2,120,000",
2021-11-03,1907  ,永豐餘          ,"935,000","624,000",
2021-11-03,3051  ,力特            ,"733,000","423,000",
2021-11-03,8033  ,雷虎            ,"481,000","171,926",
2021-11-03,2362  ,藍天            ,"461,000","155,513",
2021-11-03,4108  ,懷特            ,"351,000","52,000",
2021-11-03,3030  ,德律            ,"373,000","80,000",
2021-11-03,2402  ,毅嘉            ,"299,000","9,760",
2021-11-03,2012  ,春雨            ,"344,000","55,000",
2021-11-03,3029  ,零壹            ,"347,000","60,000",
2021-11-03,2342  ,茂矽            ,"1,384,000","1,098,877",
2021-11-03,2850  ,新產            ,"310,700","26,000",
2021-11-03,9188  ,精熙-DR         ,"287,000","5,000",
2021-11-03,6209  ,今國光          ,"309,000","32,000",
2021-11-03,3042  ,晶技            ,"773,000","510,779",
2021-11-03,6288  ,聯嘉            ,"509,000","250,000",
2021-11-03,1906  ,寶隆            ,"300,000","45,000",
2021-11-03,1201  ,味全            ,"392,000","141,000",
2021-11-03,4722  ,國精化          ,"374,000","124,000",
2021-11-03,6120  ,達運            ,"760,000","510,526",
2021-11-03,3058  ,立德            ,"531,000","283,000",
2021-11-03,1457  ,宜進            ,"269,000","24,000",
2021-11-03,1513  ,中興電          ,"686,862","442,000",
2021-11-03,5706  ,鳳凰            ,"287,000","44,000",
2021-11-03,8271  ,宇瞻            ,"344,000","101,000",
2021-11-03,6108  ,競國            ,"258,000","16,886",
2021-11-03,1722  ,台肥            ,"695,000","455,375",
2021-11-03,2485  ,兆赫            ,"615,000","381,000",
2021-11-03,2421  ,建準            ,"316,000","83,653",
2021-11-03,3596  ,智易            ,"872,000","639,689",
2021-11-03,3034  ,聯詠            ,"2,041,001","1,809,000",
2021-11-03,2483  ,百容            ,"255,000","24,000",
2021-11-03,2327  ,國巨            ,"1,830,266","1,601,653",
2021-11-03,3167  ,大量            ,"412,000","185,000",
2021-11-03,3060  ,銘異            ,"304,000","77,901",
2021-11-03,2006  ,東和鋼鐵        ,"903,000","678,000",
2021-11-03,3092  ,鴻碩            ,"389,000","165,000",
2021-11-03,2545  ,皇翔            ,"445,000","223,000",
2021-11-03,2897  ,王道銀行        ,"529,000","307,000",
2021-11-03,1474  ,弘裕            ,"245,000","29,000",
2021-11-03,3056  ,總太            ,"243,000","34,000",
2021-11-03,2015  ,豐興            ,"297,200","90,000",
2021-11-03,3090  ,日電貿          ,"264,000","62,000",
2021-11-03,2538  ,基泰            ,"1,074,000","876,000",
2021-11-03,4746  ,台耀            ,"406,000","210,000",
2021-11-03,2355  ,敬鵬            ,"620,000","425,716",
2021-11-03,6672  ,騰輝電子-KY     ,"396,000","210,000",
2021-11-03,6592  ,和潤企業        ,"227,000","43,000",
2021-11-03,3094  ,聯傑            ,"219,000","36,000",
2021-11-03,6412  ,群電            ,"292,000","109,719",
2021-11-03,2360  ,致茂            ,"1,783,000","1,602,000",
2021-11-03,2415  ,錩新            ,"314,000","133,000",
2021-11-03,2351  ,順德            ,"2,791,000","2,612,000",
2021-11-03,8201  ,無敵            ,"304,000","125,000",
2021-11-03,9938  ,百和            ,"443,000","272,000",
2021-11-03,2314  ,台揚            ,"650,000","480,000",
2021-11-03,2845  ,遠東銀          ,"844,842","675,013",
2021-11-03,1795  ,美時            ,"392,000","224,000",
2021-11-03,1210  ,大成            ,"320,000","154,007",
2021-11-03,6756  ,威鋒電子        ,"521,000","360,000",
2021-11-03,8081  ,致新            ,"231,000","71,000",
2021-11-03,8105  ,凌巨            ,"478,000","318,685",
2021-11-03,1708  ,東鹼            ,"589,000","430,000",
2021-11-03,2008  ,高興昌          ,"179,000","24,000",
2021-11-03,2913  ,農林            ,"693,000","539,000",
2021-11-03,1522  ,堤維西          ,"171,000","18,000",
2021-11-03,2464  ,盟立            ,"182,000","29,000",
2021-11-03,2440  ,太空梭          ,"158,000","10,000",
2021-11-03,3038  ,全台            ,"170,000","23,000",
2021-11-03,3257  ,虹冠電          ,"280,000","133,000",
2021-11-03,6177  ,達麗            ,"221,000","76,000",
2021-11-03,3661  ,世芯-KY         ,"961,010","817,896",
2021-11-03,2423  ,固緯            ,"292,000","151,000",
2021-11-03,3437  ,榮創            ,"229,000","88,000",
2021-11-03,4968  ,立積            ,"201,000","60,000",
2021-11-03,2406  ,國碩            ,"1,088,000","948,000",
2021-11-03,2062  ,橋椿            ,"265,000","131,000",
2021-11-03,2511  ,太子            ,"508,000","374,000",
2021-11-03,2204  ,中華            ,"358,158","225,000",
2021-11-03,"=""00636 """,國泰中國A50     ,"164,000","31,000",
2021-11-03,1416  ,廣豐            ,"163,000","30,000",
2021-11-03,3669  ,圓展            ,"156,000","23,000",
2021-11-03,2809  ,京城銀          ,"798,000","666,000",
2021-11-03,4306  ,炎洲            ,"240,000","108,000",
2021-11-03,3044  ,健鼎            ,"289,800","160,625",
2021-11-03,2211  ,長榮鋼          ,"146,000","17,000",
2021-11-03,1414  ,東和            ,"766,000","638,000",
2021-11-03,1459  ,聯發            ,"137,000","12,000",
2021-11-03,1582  ,信錦            ,"151,000","26,660",
2021-11-03,1789  ,神隆            ,"179,000","55,000",
2021-11-03,2838  ,聯邦銀          ,"388,000","264,000",
2021-11-03,2420  ,新巨            ,"231,000","108,000",
2021-11-03,3622  ,洋華            ,"155,000","33,000",
2021-11-03,3703  ,欣陸            ,"215,000","93,000",
2021-11-03,2491  ,吉祥全          ,"343,000","223,000",
2021-11-03,1319  ,東陽            ,"221,000","103,000",
2021-11-03,6215  ,和椿            ,"168,000","50,000",
2021-11-03,3591  ,艾笛森          ,"228,000","110,905",
2021-11-03,2495  ,普安            ,"159,000","42,000",
2021-11-03,6224  ,聚鼎            ,"291,000","174,666",
2021-11-03,2233  ,宇隆            ,"146,000","30,000",
2021-11-03,5388  ,中磊            ,"190,000","74,000",
2021-11-03,1712  ,興農            ,"243,000","128,000",
2021-11-03,910322,康師傅-DR       ,"114,000",0,
2021-11-03,6670  ,復盛應用        ,"162,000","49,000",
2021-11-03,3419  ,譁裕            ,"124,000","12,000",
2021-11-03,1456  ,怡華            ,"126,000","17,000",
2021-11-03,1737  ,臺鹽            ,"163,000","54,000",
2021-11-03,2243  ,宏旭-KY         ,"162,000","54,000",
2021-11-03,1526  ,日馳            ,"137,000","31,000",
2021-11-03,2477  ,美隆電          ,"142,000","36,000",
2021-11-03,2404  ,漢唐            ,"156,000","51,664",
2021-11-03,1104  ,環泥            ,"132,000","28,000",
2021-11-03,2482  ,連宇            ,"132,000","30,000",
2021-11-03,3045  ,台灣大          ,"816,564","720,122",
2021-11-03,6573  ,虹揚-KY         ,"157,000","62,000",
2021-11-03,1514  ,亞力            ,"105,000","14,000",
2021-11-03,1701  ,中化            ,"114,000","23,000",
2021-11-03,2704  ,國賓            ,"118,000","27,000",
2021-11-03,3380  ,明泰            ,"704,027","614,000",
2021-11-03,8028  ,昇陽半導體      ,"170,000","80,000",
2021-11-03,2428  ,興勤            ,"153,000","64,909",
2021-11-03,3645  ,達邁            ,"95,000","7,000",
2021-11-03,6591  ,動力-KY         ,"96,000","8,000",
2021-11-03,8213  ,志超            ,"324,000","236,807",
2021-11-03,3530  ,晶相光          ,"1,649,033","1,562,000",
2021-11-03,8249  ,菱光            ,"96,000","9,000",
2021-11-03,4532  ,瑞智            ,"172,000","86,000",
2021-11-03,2365  ,昆盈            ,"192,000","107,000",
2021-11-03,2380  ,虹光            ,"115,000","30,000",
2021-11-03,9939  ,宏全            ,"904,000","819,000",
2021-11-03,3008  ,大立光          ,"263,377","178,865",
2021-11-03,3054  ,立萬利          ,"126,000","42,000",
2021-11-03,8478  ,東哥遊艇        ,"107,000","25,000",
2021-11-03,"=""00830 """,國泰費城半導體  ,"154,000","73,000",
2021-11-03,1231  ,聯華食          ,"117,000","36,000",
2021-11-03,6214  ,精誠            ,"110,000","29,000",
2021-11-03,4720  ,德淵            ,"82,000","3,000",
2021-11-03,1589  ,永冠-KY         ,"104,000","26,000",
2021-11-03,2855  ,統一證          ,"280,000","202,000",
2021-11-03,2425  ,承啟            ,"328,000","251,000",
2021-11-03,3533  ,嘉澤            ,"122,795","46,218",
2021-11-03,"=""00643 """,群益深証中小    ,"90,000","14,000",
2021-11-03,1776  ,展宇            ,"235,000","160,000",
2021-11-03,1717  ,長興            ,"357,810","283,000",
2021-11-03,4916  ,事欣科          ,"975,000","903,000",
2021-11-03,"=""00648R""",元大S&P500反1   ,"82,000","11,000",
2021-11-03,1720  ,生達            ,"106,000","35,000",
2021-11-03,3376  ,新日興          ,"118,000","47,000",
2021-11-03,4551  ,智伸科          ,"107,000","36,000",
2021-11-03,8039  ,台虹            ,"176,000","105,000",
2021-11-03,1709  ,和益            ,"428,000","358,000",
2021-11-03,3028  ,增你強          ,"97,000","27,000",
2021-11-03,6235  ,華孚            ,"143,000","73,000",
2021-11-03,8016  ,矽創            ,"870,100","800,697",
2021-11-03,6456  ,GIS-KY          ,"368,000","299,000",
2021-11-03,1471  ,首利            ,"90,000","23,000",
2021-11-03,9940  ,信義            ,"113,000","46,000",
2021-11-03,1515  ,力山            ,"97,000","31,000",
2021-11-03,6668  ,中揚光          ,"109,000","43,000",
2021-11-03,9802  ,鈺齊-KY         ,"114,000","48,000",
2021-11-03,3138  ,耀登            ,"288,000","223,000",
2021-11-03,1616  ,億泰            ,"65,000","2,000",
2021-11-03,1721  ,三晃            ,"63,000",0,
2021-11-03,6438  ,迅得            ,"104,000","41,000",
2021-11-03,"=""00678 """,群益NBI生技     ,"62,000",0,
2021-11-03,2305  ,全友            ,"76,000","14,000",
2021-11-03,2451  ,創見            ,"208,000","146,339",
2021-11-03,1108  ,幸福            ,"76,000","16,000",
2021-11-03,3021  ,鴻名            ,"76,000","16,000",
2021-11-03,4137  ,麗豐-KY         ,"71,000","11,000",
2021-11-03,5519  ,隆大            ,"93,000","33,000",
2021-11-03,"=""08868P""",威盛元富17售04  ,"58,000",0,
2021-11-03,3338  ,泰碩            ,"67,000","9,000",
2021-11-03,8996  ,高力            ,"74,596","17,000",
2021-11-03,"=""00717 """,富邦美國特別股  ,"60,000","3,000",
2021-11-03,9136  ,巨騰-DR         ,"79,000","22,000",
2021-11-03,2457  ,飛宏            ,"1,654,000","1,598,172",
2021-11-03,1809  ,中釉            ,"144,000","89,000",
2021-11-03,6139  ,亞翔            ,"68,000","13,000",
2021-11-03,1466  ,聚隆            ,"166,000","113,000",
2021-11-03,2534  ,宏盛            ,"432,000","379,000",
2021-11-03,3046  ,建碁            ,"72,000","19,000",
2021-11-03,1507  ,永大            ,"63,000","11,000",
2021-11-03,3563  ,牧德            ,"61,000","10,000",
2021-11-03,3015  ,全漢            ,"75,000","25,000",
2021-11-03,1723  ,中碳            ,"395,480","347,000",
2021-11-03,2867  ,三商壽          ,"237,087","189,000",
2021-11-03,1417  ,嘉裕            ,"138,000","90,000",
2021-11-03,1762  ,中化生          ,"428,000","380,000",
2021-11-03,3010  ,華立            ,"228,000","180,000",
2021-11-03,5203  ,訊連            ,"52,000","4,000",
2021-11-03,8114  ,振樺電          ,"51,000","3,000",
2021-11-03,5871  ,中租-KY         ,"2,508,466","2,461,388",
2021-11-03,9907  ,統一實          ,"283,000","237,000",
2021-11-03,1337  ,再生-KY         ,"67,000","23,000",
2021-11-03,2460  ,建通            ,"100,000","57,000",
2021-11-03,1702  ,南僑            ,"103,000","61,000",
2021-11-03,2417  ,圓剛            ,"362,000","320,000",
2021-11-03,4999  ,鑫禾            ,"46,000","4,000",
2021-11-03,3416  ,融程電          ,"54,000","13,000",
2021-11-03,4106  ,雃博            ,"54,000","13,000",
2021-11-03,2474  ,可成            ,"387,672","348,041",
2021-11-03,2024  ,志聯            ,"100,000","61,000",
2021-11-03,5234  ,達興材料        ,"57,000","18,000",
2021-11-03,"=""00646 """,元大S&P500      ,"49,000","11,000",
2021-11-03,2231  ,為升            ,"131,000","93,000",
2021-11-03,2505  ,國揚            ,"87,000","49,000",
2021-11-03,9921  ,巨大            ,"214,200","176,288",
2021-11-03,2348  ,海悅            ,"43,200","6,000",
2021-11-03,3535  ,晶彩科          ,"56,000","19,000",
2021-11-03,8341  ,日友            ,"48,000","11,000",
2021-11-03,9941  ,裕融            ,"123,000","86,000",
2021-11-03,9911  ,櫻花            ,"99,000","63,000",
2021-11-03,1532  ,勤美            ,"73,000","38,000",
2021-11-03,2731  ,雄獅            ,"63,000","28,000",
2021-11-03,3450  ,聯鈞            ,"101,000","66,000",
2021-11-03,"=""08661P""",南帝國票15售01  ,"34,000",0,
2021-11-03,1736  ,喬山            ,"106,000","72,000",
2021-11-03,9902  ,台火            ,"42,000","8,000",
2021-11-03,2227  ,裕日車          ,"42,300","9,000",
2021-11-03,2911  ,麗嬰房          ,"52,066","19,000",
2021-11-03,2109  ,華豐            ,"42,000","9,000",
2021-11-03,6205  ,詮欣            ,"101,000","68,000",
2021-11-03,3041  ,揚智            ,"721,000","688,498",
2021-11-03,1220  ,台榮            ,"38,000","6,000",
2021-11-03,4564  ,元翎            ,"100,000","68,000",
2021-11-03,"=""00653L""",富邦印度正2     ,"42,000","12,000",
2021-11-03,3057  ,喬鼎            ,"32,000","2,000",
2021-11-03,6155  ,鈞寶            ,"39,000","9,000",
2021-11-03,"=""00640L""",富邦日本正2     ,"30,000","1,000",
2021-11-03,4977  ,眾達-KY         ,"35,000","6,000",
2021-11-03,8462  ,柏文            ,"33,000","4,000",
2021-11-03,4935  ,茂林-KY         ,"110,000","81,907",
2021-11-03,1219  ,福壽            ,"86,000","59,000",
2021-11-03,2702  ,華園            ,"32,000","5,000",
2021-11-03,3356  ,奇偶            ,"38,000","11,000",
2021-11-03,3022  ,威強電          ,"74,000","47,473",
2021-11-03,3694  ,海華            ,"52,000","26,905",
2021-11-03,"=""00647L""",元大S&P500正2   ,"25,000","1,000",
2021-11-03,"=""00714 """,群益道瓊美國地產,"24,000",0,
2021-11-03,2316  ,楠梓電          ,"31,790","8,679",
2021-11-03,1568  ,倉佑            ,"27,000","4,000",
2021-11-03,1604  ,聲寶            ,"87,000","65,000",
2021-11-03,6415  ,矽力-KY         ,"150,227","129,000",
2021-11-03,6206  ,飛捷            ,"55,000","33,896",
2021-11-03,"=""08594P""",台航凱基14售02  ,"21,000",0,
2021-11-03,1464  ,得力            ,"65,000","44,000",
2021-11-03,"=""031856""",宏達電中信11購01,"20,000",0,
2021-11-03,"=""045742""",萬海元大15購02  ,"20,000",0,
2021-11-03,2882A ,國泰特          ,"20,000",0,
2021-11-03,6552  ,易華電          ,"67,000","47,000",
2021-11-03,1760  ,寶齡富錦        ,"75,000","56,000",
2021-11-03,2820  ,華票            ,"222,000","203,000",
2021-11-03,2889  ,國票金          ,"368,000","349,000",
2021-11-03,"=""00682U""",期元大美元指數  ,"18,000",0,
2021-11-03,4912  ,聯德控股-KY     ,"29,000","11,000",
2021-11-03,1256  ,鮮活果汁-KY     ,"22,100","5,000",
2021-11-03,4904  ,遠傳            ,"1,283,047","1,266,130",
2021-11-03,"=""046892""",光罩群益15購02  ,"16,000",0,
2021-11-03,6558  ,興能高          ,"40,000","24,000",
2021-11-03,"=""00652 """,富邦印度        ,"16,000","1,000",
2021-11-03,"=""00730 """,富邦臺灣優質高息,"18,000","3,000",
2021-11-03,"=""043462""",貿聯元大13購02  ,"15,000",0,
2021-11-03,"=""08739P""",新興凱基14售05  ,"15,000",0,
2021-11-03,1617  ,榮星            ,"16,000","1,000",
2021-11-03,2431  ,聯昌            ,"34,000","19,000",
2021-11-03,"=""07966P""",宏達電元大13售04,"14,000",0,
2021-11-03,3023  ,信邦            ,"99,000","85,000",
2021-11-03,6136  ,富爾特          ,"20,000","6,000",
2021-11-03,6768  ,志強-KY         ,"45,000","31,000",
2021-11-03,8210  ,勤誠            ,"36,000","22,000",
2021-11-03,912000,晨訊科-DR       ,"30,000","16,000",
2021-11-03,"=""08806P""",萬海凱基15售09  ,"13,000",0,
2021-11-03,1533  ,車王電          ,"94,000","81,000",
2021-11-03,3518  ,柏騰            ,"24,000","11,000",
2021-11-03,4540  ,全球傳動        ,"19,000","6,000",
2021-11-03,6451  ,訊芯-KY         ,"48,000","35,000",
2021-11-03,"=""08636P""",台驊控國票15售01,"12,000",0,
2021-11-03,1215  ,卜蜂            ,"48,000","36,000",
2021-11-03,2467  ,志聖            ,"41,000","29,000",
2021-11-03,2509  ,全坤建          ,"21,000","9,000",
2021-11-03,3346  ,麗清            ,"85,000","73,000",
2021-11-03,9943  ,好樂迪          ,"27,000","15,000",
2021-11-03,1463  ,強盛            ,"14,000","3,000",
2021-11-03,3032  ,偉訓            ,"15,000","4,000",
2021-11-03,4438  ,廣越            ,"34,000","23,000",
2021-11-03,5515  ,建國            ,"14,000","3,000",
2021-11-03,"=""00865B""",國泰US短期公債  ,"10,000",0,
2021-11-03,"=""036730""",健策凱基11購01  ,"10,000",0,
2021-11-03,"=""038017""",全新凱基0C購03  ,"10,000",0,
2021-11-03,"=""047075""",GIS群益14購01   ,"10,000",0,
2021-11-03,1225  ,福懋油          ,"47,000","37,000",
2021-11-03,2904  ,匯僑            ,"13,000","3,000",
2021-11-03,6166  ,凌華            ,"26,000","16,845",
2021-11-03,1460  ,宏遠            ,"231,000","222,000",
2021-11-03,2228  ,劍麟            ,"22,000","13,000",
2021-11-03,2816  ,旺旺保          ,"14,000","5,000",
2021-11-03,9955  ,佳龍            ,"12,000","3,000",
2021-11-03,"=""00710B""",FH彭博高收益債  ,"8,000",0,
2021-11-03,"=""08595P""",慧洋凱基14售04  ,"8,000",0,
2021-11-03,2727  ,王品            ,"38,000","30,000",
2021-11-03,3557  ,嘉威            ,"14,000","6,000",
2021-11-03,4942  ,嘉彰            ,"56,000","48,000",
2021-11-03,911622,泰聚亨-DR       ,"8,000",0,
2021-11-03,"=""08779P""",萬海元大18售02  ,"7,000",0,
2021-11-03,1603  ,華電            ,"50,000","43,000",
2021-11-03,1732  ,毛寶            ,"36,000","29,000",
2021-11-03,4766  ,南寶            ,"17,000","10,000",
2021-11-03,6598  ,ABC-KY          ,"27,000","20,000",
2021-11-03,2379  ,瑞昱            ,"623,473","617,453",
2021-11-03,"=""08848P""",長榮凱基18售02  ,"6,000",0,
2021-11-03,2929  ,淘帝-KY         ,"21,000","15,000",
2021-11-03,4755  ,三福化          ,"13,000","7,000",
2021-11-03,6449  ,鈺邦            ,"11,000","5,000",
2021-11-03,8104  ,錸寶            ,"20,000","14,000",
2021-11-03,6152  ,百一            ,"15,000","9,879",
2021-11-03,"=""00662 """,富邦NASDAQ      ,"7,000","2,000",
2021-11-03,"=""00762 """,元大全球AI      ,"6,000","1,000",
2021-11-03,"=""030832""",長榮中信0C購02  ,"5,000",0,
2021-11-03,"=""034068""",華新科富邦13購01,"5,000",0,
2021-11-03,"=""050188""",東森元大15購02  ,"5,000",0,
2021-11-03,"=""08646P""",裕民元富17售07  ,"5,000",0,
2021-11-03,1321  ,大洋            ,"18,000","13,000",
2021-11-03,2114  ,鑫永銓          ,"19,000","14,000",
2021-11-03,3002  ,歐格            ,"9,000","4,000",
2021-11-03,4571  ,鈞興-KY         ,"7,000","2,000",
2021-11-03,6605  ,帝寶            ,"30,000","25,000",
2021-11-03,1808  ,潤隆            ,"27,000","22,120",
2021-11-03,8131  ,福懋科          ,"44,000","39,685",
2021-11-03,"=""00686R""",群益臺灣加權反1 ,"4,000",0,
2021-11-03,"=""07196P""",長榮富邦12售04  ,"4,000",0,
2021-11-03,"=""08474P""",大成鋼凱基14售07,"4,000",0,
2021-11-03,"=""08757P""",中鴻國票15售02  ,"4,000",0,
2021-11-03,1733  ,五鼎            ,"7,000","3,000",
2021-11-03,4164  ,承業醫          ,"13,000","9,000",
2021-11-03,5215  ,科嘉-KY         ,"11,000","7,000",
2021-11-03,6230  ,尼得科超眾      ,"5,000","1,000",
2021-11-03,9944  ,新麗            ,"7,000","3,000",
2021-11-03,1476  ,儒鴻            ,"194,278","191,063",
2021-11-03,5269  ,祥碩            ,"134,595","131,513",
2021-11-03,"=""00670L""",富邦NASDAQ正2   ,"8,000","5,000",
2021-11-03,"=""049261""",泰鼎元大18購01  ,"3,000",0,
2021-11-03,"=""08869P""",宏達電元富16售03,"8,000","5,000",
2021-11-03,1786  ,科妍            ,"8,000","5,000",
2021-11-03,3036A ,文曄甲特        ,"3,000",0,
2021-11-03,3055  ,蔚華科          ,"6,000","3,000",
2021-11-03,4560  ,強信-KY         ,"43,000","40,000",
2021-11-03,6579  ,研揚            ,"5,000","2,000",
2021-11-03,9110  ,越南控-DR       ,"3,000",0,
2021-11-03,9925  ,新保            ,"19,000","16,000",
2021-11-03,1615  ,大山            ,"5,480","3,000",
2021-11-03,6409  ,旭隼            ,"157,347","155,150",
2021-11-03,6141  ,柏承            ,"11,000","8,907",
2021-11-03,"=""0055  """,元大MSCI金融    ,"2,000",0,
2021-11-03,"=""00668 """,國泰美國道瓊    ,"2,000",0,
2021-11-03,"=""020029""",元大ESG高股息N  ,"2,000",0,
2021-11-03,"=""047055""",永冠群益16購01  ,"2,000",0,
2021-11-03,"=""050092""",微星兆豐15購01  ,"2,000",0,
2021-11-03,"=""050402""",長榮第一1B購01  ,"2,000",0,
2021-11-03,"=""08860P""",宏達電國票14售03,"2,000",0,
2021-11-03,1442  ,名軒            ,"247,000","245,000",
2021-11-03,2236  ,百達-KY         ,"2,000",0,
2021-11-03,2459  ,敦吉            ,"14,000","12,000",
2021-11-03,2705  ,六福            ,"6,000","4,000",
2021-11-03,2936  ,客思達-KY       ,"7,000","5,000",
2021-11-03,4545  ,銘鈺            ,"2,000",0,
2021-11-03,"=""00680L""",元大美債20正2   ,"1,000",0,
2021-11-03,"=""00713 """,元大台灣高息低波,"4,000","3,000",
2021-11-03,"=""039610""",景碩中信13購01  ,"1,000",0,
2021-11-03,"=""042441""",岱宇凱基13購01  ,"1,000",0,
2021-11-03,"=""045007""",華通統一15購01  ,"1,000",0,
2021-11-03,"=""045827""",永光永豐13購05  ,"1,000",0,
2021-11-03,"=""047486""",上緯控群益15購01,"1,000",0,
2021-11-03,"=""048498""",元石油元大17購01,"1,000",0,
2021-11-03,"=""048642""",技嘉元大16購02  ,"1,000",0,
2021-11-03,"=""049152""",惠特統一16購01  ,"1,000",0,
2021-11-03,"=""049260""",上緯控元大14購01,"1,000",0,
2021-11-03,"=""049413""",長榮群益14購03  ,"1,000",0,
2021-11-03,"=""049701""",啟碁永豐14購01  ,"1,000",0,
2021-11-03,"=""049880""",威盛元大15購01  ,"1,000",0,
2021-11-03,"=""06860P""",臺股指凱基11售06,"1,000",0,
2021-11-03,1323  ,永裕            ,"8,000","7,000",
2021-11-03,1541  ,錩泰            ,"1,000",0,
2021-11-03,1805  ,寶徠            ,"1,000",0,
2021-11-03,2106  ,建大            ,"70,000","69,000",
2021-11-03,2514  ,龍邦            ,"10,000","9,000",
2021-11-03,2887E ,台新戊特        ,"1,000",0,
2021-11-03,3004  ,豐達科          ,"4,000","3,000",
2021-11-03,3528  ,安馳            ,"1,000",0,
2021-11-03,4148  ,全宇生技-KY     ,"2,000","1,000",
2021-11-03,4439  ,冠星-KY         ,"2,000","1,000",
2021-11-03,4562  ,穎漢            ,"2,000","1,000",
2021-11-03,4976  ,佳凌            ,"368,000","367,000",
2021-11-03,4994  ,傳奇            ,"3,000","2,000",
2021-11-03,5906  ,台南-KY         ,"1,000",0,
2021-11-03,6698  ,旭暉應材        ,"8,000","7,000",
2021-11-03,6754  ,匯僑設計        ,"7,000","6,000",
2021-11-03,8374  ,羅昇            ,"1,000",0,
2021-11-03,911868,同方友友-DR     ,"19,000","18,000",
2021-11-03,8473  ,山林水          ,"9,000","8,520",
2021-11-03,2433  ,互盛電          ,"6,000","5,897",
2021-11-03,3018  ,同開            ,58,0,
2021-11-03,"=""00632R""",元大台灣50反1   ,"5,218,000","32,500,000",
2021-11-03,2603  ,長榮            ,"30,661,621","44,481,907",
2021-11-03,3037  ,欣興            ,"17,515,863","28,294,574",
2021-11-03,2614  ,東森            ,"7,893,300","16,620,800",
2021-11-03,2601  ,益航            ,"2,359,000","10,007,000",
2021-11-03,2369  ,菱生            ,"1,547,000","9,161,729",
2021-11-03,2834  ,臺企銀          ,"1,615,414","7,363,345",
2021-11-03,2401  ,凌陽            ,"5,353,200","10,803,612",
2021-11-03,2605  ,新興            ,"4,992,000","9,973,000",
2021-11-03,2883  ,開發金          ,"5,241,885","10,026,103",
2021-11-03,5608  ,四維航          ,"3,974,000","8,275,000",
2021-11-03,1909  ,榮成            ,"2,066,000","5,982,000",
2021-11-03,3062  ,建漢            ,"2,994,000","6,757,766",
2021-11-03,2486  ,一詮            ,"7,195,919","10,704,000",
2021-11-03,3576  ,聯合再生        ,"678,040","4,179,019",
2021-11-03,2611  ,志信            ,"1,534,000","5,026,000",
2021-11-03,2617  ,台航            ,"2,117,000","5,503,000",
2021-11-03,2881  ,富邦金          ,"2,929,020","6,256,452",
2021-11-03,2880  ,華南金          ,"1,091,040","4,413,000",
2021-11-03,2308  ,台達電          ,"4,365,328","7,686,022",
2021-11-03,2888  ,新光金          ,"4,008,440","7,023,000",
2021-11-03,2607  ,榮運            ,"3,015,000","6,012,000",
2021-11-03,1303  ,南亞            ,"2,515,439","5,490,144",
2021-11-03,3711  ,日月光投控      ,"1,858,975","4,408,550",
2021-11-03,1101  ,台泥            ,"752,400","3,284,405",
2021-11-03,2637  ,慧洋-KY         ,"3,936,000","6,446,000",
2021-11-03,2886  ,兆豐金          ,"3,863,468","6,352,000",
2021-11-03,2615  ,萬海            ,"12,669,834","15,124,700",
2021-11-03,1718  ,中纖            ,"2,114,000","4,503,680",
2021-11-03,2887  ,台新金          ,"2,937,323","5,321,172",
2021-11-03,3305  ,昇貿            ,"3,358,000","5,620,000",
2021-11-03,"=""00882 """,中信中國高股息  ,"1,185,313","3,441,000",
2021-11-03,4915  ,致伸            ,"630,000","2,773,682",
2021-11-03,2303  ,聯電            ,"25,293,736","27,278,785",
2021-11-03,5880  ,合庫金          ,"1,203,739","3,169,345",
2021-11-03,6443  ,元晶            ,"8,232,575","10,183,434",
2021-11-03,2412  ,中華電          ,"1,836,075","3,703,000",
2021-11-03,1326  ,台化            ,"896,300","2,760,411",
2021-11-03,1216  ,統一            ,"1,631,914","3,425,442",
2021-11-03,3031  ,佰鴻            ,"1,708,000","3,496,000",
2021-11-03,1402  ,遠東新          ,"1,048,249","2,707,000",
2021-11-03,2449  ,京元電子        ,"6,058,000","7,710,129",
2021-11-03,3149  ,正達            ,"180,000","1,709,000",
2021-11-03,6282  ,康舒            ,"5,857,000","7,247,633",
2021-11-03,1229  ,聯華            ,"583,011","1,955,700",
2021-11-03,2377  ,微星            ,"3,624,211","4,985,761",
2021-11-03,2606  ,裕民            ,"4,963,583","6,288,363",
2021-11-03,2441  ,超豐            ,"737,000","1,976,595",
2021-11-03,"=""00896 """,中信綠能及電動車,0,"1,195,000",
2021-11-03,2382  ,廣達            ,"1,009,706","2,188,000",
2021-11-03,3016  ,嘉晶            ,"2,834,213","4,002,804",
2021-11-03,3545  ,敦泰            ,"1,516,200","2,649,281",
2021-11-03,2436  ,偉詮電          ,"1,944,000","3,074,000",
2021-11-03,"=""00715L""",期街口布蘭特正2 ,"1,754,000","2,846,000",
2021-11-03,6239  ,力成            ,"1,404,299","2,479,000",
2021-11-03,6168  ,宏齊            ,"1,373,000","2,445,000",
2021-11-03,3704  ,合勤控          ,"2,599,000","3,668,686",
2021-11-03,9904  ,寶成            ,"748,141","1,790,110",
2021-11-03,2328  ,廣宇            ,"980,000","2,010,631",
2021-11-03,2890  ,永豐金          ,"2,848,773","3,869,000",
2021-11-03,2414  ,精技            ,"277,000","1,220,000",
2021-11-03,2356  ,英業達          ,"1,535,803","2,478,000",
2021-11-03,3673  ,TPK-KY          ,"420,000","1,361,710",
2021-11-03,4739  ,康普            ,"4,276,824","5,183,000",
2021-11-03,4938  ,和碩            ,"1,434,003","2,286,707",
2021-11-03,2612  ,中航            ,"1,131,000","1,978,000",
2021-11-03,2374  ,佳能            ,"1,350,000","2,175,799",
2021-11-03,2642  ,宅配通          ,"620,000","1,440,000",
2021-11-03,"=""00878 """,國泰永續高股息  ,"453,000","1,271,000",
2021-11-03,3701  ,大眾控          ,"1,338,000","2,128,375",
2021-11-03,2801  ,彰銀            ,"1,025,345","1,787,000",
2021-11-03,2634  ,漢翔            ,"394,000","1,138,000",
2021-11-03,9919  ,康那香          ,"84,000","821,000",
2021-11-03,"=""00881 """,國泰台灣5G+     ,"171,200","854,750",
2021-11-03,1714  ,和桐            ,"1,089,000","1,766,000",
2021-11-03,6285  ,啟碁            ,"2,403,064","3,075,755",
2021-11-03,"=""00885 """,富邦越南        ,"70,350","726,000",
2021-11-03,2885  ,元大金          ,"3,338,138","3,989,956",
2021-11-03,2823  ,中壽            ,"3,812,494","4,445,852",
2021-11-03,"=""00712 """,FH富時不動產    ,"70,000","703,000",
2021-11-03,8261  ,富鼎            ,"1,290,100","1,907,000",
2021-11-03,3653  ,健策            ,"754,000","1,367,000",
2021-11-03,2368  ,金像電          ,"2,079,000","2,681,607",
2021-11-03,2636  ,台驊投控        ,"2,252,000","2,853,803",
2021-11-03,2357  ,華碩            ,"1,225,708","1,813,508",
2021-11-03,1611  ,中電            ,"1,942,000","2,520,000",
2021-11-03,2884  ,玉山金          ,"2,602,959","3,149,335",
2021-11-03,4934  ,太極            ,"465,000","1,008,428",
2021-11-03,2312  ,金寶            ,"6,597,000","7,135,000",
2021-11-03,"=""00650L""",FH香港正2       ,"69,000","606,000",
2021-11-03,8046  ,南電            ,"2,360,496","2,888,481",
2021-11-03,2497  ,怡利電          ,"304,000","826,000",
2021-11-03,"=""00892 """,富邦台灣半導體  ,"119,000","637,000",
2021-11-03,1451  ,年興            ,"18,000","531,000",
2021-11-03,5876  ,上海商銀        ,"1,019,721","1,531,428",
2021-11-03,3682  ,亞太電          ,"296,121","801,581",
2021-11-03,2455  ,全新            ,"1,520,004","2,020,000",
2021-11-03,"=""032717""",長榮群益0B購08  ,0,"499,000",
2021-11-03,3011  ,今皓            ,"251,000","722,000",
2021-11-03,2520  ,冠德            ,"310,000","770,700",
2021-11-03,2049  ,上銀            ,"278,087","717,000",
2021-11-03,5258  ,虹堡            ,"539,000","944,000",
2021-11-03,2608  ,嘉里大榮        ,"884,000","1,284,000",
2021-11-03,6477  ,安集            ,"1,087,000","1,477,000",
2021-11-03,3406  ,玉晶光          ,"350,000","731,113",
2021-11-03,1609  ,大亞            ,"3,248,000","3,625,000",
2021-11-03,2101  ,南港            ,"96,000","446,000",
2021-11-03,2912  ,統一超          ,"717,201","1,066,730",
2021-11-03,2105  ,正新            ,"800,290","1,148,000",
2021-11-03,2439  ,美律            ,"519,427","866,723",
2021-11-03,1102  ,亞泥            ,"1,512,829","1,856,149",
2021-11-03,5222  ,全訊            ,"163,000","506,000",
2021-11-03,9105  ,泰金寶-DR       ,"10,000","348,000",
2021-11-03,2033  ,佳大            ,"526,000","858,000",
2021-11-03,8367  ,建新國際        ,"497,000","827,000",
2021-11-03,"=""00752 """,中信中國50      ,"39,000","352,000",
2021-11-03,4906  ,正文            ,"700,000","1,005,733",
2021-11-03,2836  ,高雄銀          ,"13,000","318,000",
2021-11-03,2201  ,裕隆            ,"243,000","541,000",
2021-11-03,1477  ,聚陽            ,"549,631","843,463",
2021-11-03,"=""00692 """,富邦公司治理    ,"109,000","402,000",
2021-11-03,3532  ,台勝科          ,"414,000","688,723",
2021-11-03,3019  ,亞光            ,"711,835","983,017",
2021-11-03,2542  ,興富發          ,"403,000","673,000",
2021-11-03,6531  ,愛普*           ,"1,588,310","1,851,020",
2021-11-03,2613  ,中櫃            ,"204,000","452,000",
2021-11-03,6176  ,瑞儀            ,"480,000","727,668",
2021-11-03,"=""00655L""",國泰中國A50正2  ,"65,000","311,000",
2021-11-03,3050  ,鈺德            ,"380,000","624,000",
2021-11-03,8454  ,富邦媒          ,"238,810","482,341",
2021-11-03,3607  ,谷崧            ,"335,000","576,000",
2021-11-03,6283  ,淳安            ,"217,000","450,904",
2021-11-03,"=""00642U""",期元大S&P石油   ,"4,000","235,000",
2021-11-03,2413  ,環科            ,"178,000","401,909",
2021-11-03,2633  ,台灣高鐵        ,"1,035,073","1,258,234",
2021-11-03,6202  ,盛群            ,"526,000","745,000",
2021-11-03,2609  ,陽明            ,"20,689,171","20,903,020",
2021-11-03,"=""00891 """,中信關鍵半導體  ,"228,000","441,180",
2021-11-03,2458  ,義隆            ,"359,000","564,483",
2021-11-03,"=""00665L""",富邦恒生國企正2 ,"76,000","280,000",
2021-11-03,1467  ,南緯            ,"15,000","219,000",
2021-11-03,6271  ,同欣電          ,"1,257,870","1,456,763",
2021-11-03,2338  ,光罩            ,"3,160,000","3,355,820",
2021-11-03,5522  ,遠雄            ,"292,600","485,172",
2021-11-03,"=""00753L""",中信中國50正2   ,"42,000","233,000",
2021-11-03,"=""00635U""",期元大S&P黃金   ,"29,000","218,000",
2021-11-03,3027  ,盛達            ,"212,000","398,000",
2021-11-03,3003  ,健和興          ,"1,231,000","1,414,889",
2021-11-03,3686  ,達能            ,"3,000","182,000",
2021-11-03,6525  ,捷敏-KY         ,"442,000","619,000",
2021-11-03,3708  ,上緯投控        ,"240,020","415,000",
2021-11-03,2527  ,宏璟            ,"168,000","342,000",
2021-11-03,2892  ,第一金          ,"2,942,358","3,116,343",
2021-11-03,2103  ,台橡            ,"654,000","825,000",
2021-11-03,6504  ,南六            ,"11,000","177,000",
2021-11-03,2723  ,美食-KY         ,"176,000","335,000",
2021-11-03,2841  ,台開            ,"281,000","436,000",
2021-11-03,3515  ,華擎            ,"367,000","517,815",
2021-11-03,4952  ,凌通            ,"306,000","454,000",
2021-11-03,4414  ,如興            ,"536,000","676,000",
2021-11-03,2881C ,富邦金丙特      ,"49,106","186,614",
2021-11-03,2504  ,國產            ,"528,000","661,000",
2021-11-03,6414  ,樺漢            ,"240,000","366,000",
2021-11-03,"=""00633L""",富邦上証正2     ,"249,000","369,000",
2021-11-03,2108  ,南帝            ,"644,000","763,996",
2021-11-03,"=""006205""",富邦上証        ,"25,000","142,000",
2021-11-03,2107  ,厚生            ,"9,000","125,000",
2021-11-03,1598  ,岱宇            ,"183,000","293,000",
2021-11-03,3025  ,星通            ,"138,000","247,000",
2021-11-03,2905  ,三商            ,"61,000","162,000",
2021-11-03,2903  ,遠百            ,"72,000","171,000",
2021-11-03,5243  ,乙盛-KY         ,"265,000","364,000",
2021-11-03,8926  ,台汽電          ,"16,000","114,000",
2021-11-03,1528  ,恩德            ,"124,000","218,000",
2021-11-03,4943  ,康控-KY         ,"65,000","159,000",
2021-11-03,1316  ,上曜            ,"176,000","269,000",
2021-11-03,1103  ,嘉泥            ,"89,000","178,000",
2021-11-03,6491  ,晶碩            ,"548,000","636,000",
2021-11-03,8422  ,可寧衛          ,"372,000","459,000",
2021-11-03,1773  ,勝一            ,"7,000","93,000",
2021-11-03,3605  ,宏致            ,"306,000","392,000",
2021-11-03,9924  ,福興            ,"22,000","107,000",
2021-11-03,4142  ,國光生          ,"467,000","550,000",
2021-11-03,6416  ,瑞祺電通        ,"34,000","116,000",
2021-11-03,5434  ,崇越            ,"64,000","144,000",
2021-11-03,6706  ,惠特            ,"1,090,000","1,169,000",
2021-11-03,2009  ,第一銅          ,"874,000","949,000",
2021-11-03,2430  ,燦坤            ,"373,000","444,000",
2021-11-03,6669  ,緯穎            ,"491,143","560,300",
2021-11-03,9914  ,美利達          ,"262,000","329,000",
2021-11-03,1590  ,亞德客-KY       ,"673,066","739,482",
2021-11-03,"=""00708L""",期元大S&P黃金正2,"3,000","68,000",
2021-11-03,6743  ,安普新          ,"18,000","82,000",
2021-11-03,5521  ,工信            ,"105,000","167,848",
2021-11-03,1434  ,福懋            ,"468,316","529,000",
2021-11-03,"=""00733 """,富邦臺灣中小    ,"63,000","122,000",
2021-11-03,9905  ,大華            ,"8,000","66,000",
2021-11-03,3024  ,憶聲            ,"121,000","177,000",
2021-11-03,2206  ,三陽工業        ,"49,000","102,000",
2021-11-03,9917  ,中保科          ,"62,000","114,000",
2021-11-03,1307  ,三芳            ,"7,000","58,000",
2021-11-03,5907  ,大洋-KY         ,"7,000","57,000",
2021-11-03,"=""00639 """,富邦深100       ,"38,000","87,000",
2021-11-03,1725  ,元禎            ,"10,000","58,000",
2021-11-03,4989  ,榮科            ,"214,000","262,000",
2021-11-03,1218  ,泰山            ,"7,000","54,000",
2021-11-03,2241  ,艾姆勒          ,"4,000","51,000",
2021-11-03,2501  ,國建            ,"38,000","85,000",
2021-11-03,4526  ,東台            ,"10,000","57,000",
2021-11-03,2302  ,麗正            ,"119,000","165,881",
2021-11-03,1109  ,信大            ,"54,000","100,000",
2021-11-03,8404  ,百和興業-KY     ,"21,000","67,000",
2021-11-03,9927  ,泰銘            ,"13,000","59,000",
2021-11-03,2923  ,鼎固-KY         ,0,"45,000",
2021-11-03,1529  ,樂士            ,"13,000","57,000",
2021-11-03,1441  ,大東            ,0,"43,000",
2021-11-03,"=""00757 """,統一FANG+       ,"27,000","69,000",
2021-11-03,1783  ,和康生          ,"12,000","54,000",
2021-11-03,2405  ,浩鑫            ,"134,000","175,958",
2021-11-03,6196  ,帆宣            ,"83,000","124,874",
2021-11-03,2426  ,鼎元            ,"860,000","901,786",
2021-11-03,3321  ,同泰            ,0,"40,000",
2021-11-03,"=""006208""",富邦台50        ,"72,207","111,353",
2021-11-03,1537  ,廣隆            ,"10,000","48,000",
2021-11-03,2239  ,英利-KY         ,"19,000","57,000",
2021-11-03,2450  ,神腦            ,"5,000","43,000",
2021-11-03,"=""00876 """,元大未來關鍵科技,"90,000","125,000",
2021-11-03,4930  ,燦星網          ,"2,000","37,000",
2021-11-03,2539  ,櫻花建          ,"11,000","45,279",
2021-11-03,9912  ,偉聯            ,0,"34,000",
2021-11-03,1618  ,合機            ,"25,000","58,000",
2021-11-03,2908  ,特力            ,"36,000","68,000",
2021-11-03,6197  ,佳必琪          ,"4,000","35,907",
2021-11-03,8464  ,億豐            ,"281,000","312,586",
2021-11-03,2395  ,研華            ,"266,705","298,246",
2021-11-03,1454  ,台富            ,0,"31,000",
2021-11-03,"=""00737 """,國泰AI+Robo     ,"1,000","30,000",
2021-11-03,6165  ,浪凡            ,"165,000","194,000",
2021-11-03,8222  ,寶一            ,"1,000","30,000",
2021-11-03,2480  ,敦陽科          ,"16,000","44,000",
2021-11-03,5288  ,豐祥-KY         ,"7,000","35,000",
2021-11-03,6781  ,AES-KY          ,"66,000","94,000",
2021-11-03,6115  ,鎰勝            ,"17,000","44,000",
2021-11-03,2444  ,兆勁            ,0,"26,000",
2021-11-03,4155  ,訊映            ,"1,000","27,000",
2021-11-03,910861,神州-DR         ,0,"26,000",
2021-11-03,2706  ,第一店          ,"16,000","41,000",
2021-11-03,"=""0052  """,富邦科技        ,0,"24,000",
2021-11-03,"=""00735 """,國泰臺韓科技    ,"20,000","44,000",
2021-11-03,2548  ,華固            ,"68,000","92,000",
2021-11-03,"=""00700 """,富邦恒生國企    ,0,"23,000",
2021-11-03,6541  ,泰福-KY         ,"8,000","31,000",
2021-11-03,1527  ,鑽全            ,"28,000","50,000",
2021-11-03,3013  ,晟銘電          ,"7,038","29,000",
2021-11-03,"=""0061  """,元大寶滬深      ,"2,000","23,000",
2021-11-03,"=""00736 """,國泰新興市場    ,0,"21,000",
2021-11-03,2707  ,晶華            ,"6,000","27,000",
2021-11-03,6189  ,豐藝            ,"27,000","48,000",
2021-11-03,8940  ,新天地          ,0,"21,000",
2021-11-03,"=""038684""",強茂群益13購03  ,0,"20,000",
2021-11-03,1325  ,恆大            ,"55,000","75,000",
2021-11-03,5283  ,禾聯碩          ,"4,000","24,000",
2021-11-03,3036  ,文曄            ,"240,000","259,607",
2021-11-03,6790  ,永豐實          ,"1,000","20,000",
2021-11-03,9908  ,大台北          ,"1,000","20,000",
2021-11-03,9935  ,慶豐富          ,"3,000","22,000",
2021-11-03,1504  ,東元            ,"656,496","674,930",
2021-11-03,1110  ,東泥            ,"34,000","52,000",
2021-11-03,2910  ,統領            ,"2,000","20,000",
2021-11-03,2207  ,和泰車          ,"101,129","118,471",
2021-11-03,1437  ,勤益控          ,0,"17,000",
2021-11-03,1449  ,佳和            ,"2,000","19,000",
2021-11-03,2429  ,銘旺科          ,"1,000","18,000",
2021-11-03,1232  ,大統益          ,0,"16,000",
2021-11-03,1519  ,華城            ,"38,000","54,000",
2021-11-03,2546  ,根基            ,"3,000","19,000",
2021-11-03,2832  ,台產            ,"5,000","21,000",
2021-11-03,3705  ,永信            ,"29,000","45,000",
2021-11-03,4566  ,時碩工業        ,"1,000","17,000",
2021-11-03,5525  ,順天            ,"1,000","17,000",
2021-11-03,"=""00681R""",元大美債20反1   ,0,"15,000",
2021-11-03,1503  ,士電            ,"8,000","23,000",
2021-11-03,1536  ,和大            ,"138,000","153,000",
2021-11-03,1626  ,艾美特-KY       ,0,"15,000",
2021-11-03,5533  ,皇鼎            ,"6,000","21,000",
2021-11-03,5538  ,東明-KY         ,"6,000","21,000",
2021-11-03,6405  ,悅城            ,"54,000","69,000",
2021-11-03,6581  ,鋼聯            ,"5,000","20,000",
2021-11-03,9934  ,成霖            ,"3,000","18,000",
2021-11-03,1445  ,大宇            ,"12,000","26,000",
2021-11-03,1558  ,伸興            ,"6,000","20,000",
2021-11-03,2462  ,良得電          ,"88,000","102,000",
2021-11-03,2493  ,揚博            ,"10,000","24,000",
2021-11-03,3052  ,夆典            ,"2,000","16,000",
2021-11-03,5871A ,中租-KY甲特     ,0,"14,000",
2021-11-03,9930  ,中聯資源        ,0,"13,200",
2021-11-03,9946  ,三發地產        ,"6,000","19,159",
2021-11-03,1726  ,永記            ,"2,000","15,000",
2021-11-03,6024  ,群益期          ,"10,000","23,000",
2021-11-03,6515  ,穎崴            ,"62,000","75,000",
2021-11-03,6005  ,群益證          ,"1,035,526","1,048,000",
2021-11-03,1423  ,利華            ,0,"12,000",
2021-11-03,2461  ,光群雷          ,"51,000","63,000",
2021-11-03,2536  ,宏普            ,"2,000","14,000",
2021-11-03,3296  ,勝德            ,"16,000","28,000",
2021-11-03,6112  ,聚碩            ,"6,000","18,000",
2021-11-03,2616  ,山隆            ,"2,000","13,001",
2021-11-03,"=""020022""",元大電動車N     ,0,"11,000",
2021-11-03,1614  ,三洋電          ,0,"11,000",
2021-11-03,4555  ,氣立            ,"1,000","12,000",
2021-11-03,9910  ,豐泰            ,"194,309","204,813",
2021-11-03,"=""00683L""",期元大美元指正2 ,"3,000","13,000",
2021-11-03,"=""039642""",群創永豐11購03  ,0,"10,000",
2021-11-03,"=""042651""",惠特元大16購01  ,"10,000","20,000",
2021-11-03,"=""046447""",聯發科凱基19購02,0,"10,000",
2021-11-03,1453  ,大將            ,"3,000","13,000",
2021-11-03,1475  ,業旺            ,0,"10,000",
2021-11-03,1587  ,吉茂            ,"3,000","13,000",
2021-11-03,2102  ,泰豐            ,"315,000","325,000",
2021-11-03,2506  ,太設            ,"11,000","21,000",
2021-11-03,2530  ,華建            ,"84,000","94,000",
2021-11-03,2630  ,亞航            ,"36,000","46,000",
2021-11-03,2849  ,安泰銀          ,"19,000","29,000",
2021-11-03,2906  ,高林            ,"1,000","11,000",
2021-11-03,4576  ,大銀微系統      ,"16,000","26,000",
2021-11-03,8467  ,波力-KY         ,0,"10,000",
2021-11-03,9926  ,新海            ,0,"10,000",
2021-11-03,4133  ,亞諾法          ,"61,000","70,180",
2021-11-03,1315  ,達新            ,"2,000","11,000",
2021-11-03,1324  ,地球            ,"1,000","10,000",
2021-11-03,1419  ,新紡            ,"1,000","10,000",
2021-11-03,1535  ,中宇            ,"3,000","12,000",
2021-11-03,2438  ,翔耀            ,"5,000","14,000",
2021-11-03,3308  ,聯德            ,"2,000","11,000",
2021-11-03,4104  ,佳醫            ,"8,000","17,000",
2021-11-03,6133  ,金橋            ,"2,000","11,000",
2021-11-03,9937  ,全國            ,"2,000","11,000",
2021-11-03,"=""006206""",元大上證50      ,"6,000","14,000",
2021-11-03,"=""006207""",FH滬深          ,"4,000","12,000",
2021-11-03,"=""00638R""",元大滬深300反1  ,"8,000","16,000",
2021-11-03,"=""00675L""",富邦臺灣加權正2 ,"3,000","11,000",
2021-11-03,"=""00852L""",國泰美國道瓊正2 ,"13,000","21,000",
2021-11-03,1524  ,耿鼎            ,"5,000","13,000",
2021-11-03,1713  ,國化            ,0,"8,000",
2021-11-03,2540  ,愛山林          ,0,"8,000",
2021-11-03,4426  ,利勤            ,"8,000","16,000",
2021-11-03,4552  ,力達-KY         ,0,"8,000",
2021-11-03,6582  ,申豐            ,"23,000","31,000",
2021-11-03,9918  ,欣天然          ,"4,000","12,000",
2021-11-03,1234  ,黑松            ,"13,050","21,000",
2021-11-03,2466  ,冠西電          ,0,"7,785",
2021-11-03,"=""00763U""",期街口道瓊銅    ,"5,000","12,000",
2021-11-03,1435  ,中福            ,0,"7,000",
2021-11-03,1531  ,高林股          ,"8,000","15,000",
2021-11-03,1597  ,直得            ,"21,000","28,000",
2021-11-03,2250  ,IKKA-KY         ,0,"7,000",
2021-11-03,2471  ,資通            ,0,"7,000",
2021-11-03,2516  ,新建            ,0,"7,000",
2021-11-03,2547  ,日勝生          ,"194,000","201,000",
2021-11-03,4190  ,佐登-KY         ,0,"7,000",
2021-11-03,4763  ,材料-KY         ,"5,000","12,000",
2021-11-03,8411  ,福貞-KY         ,"6,000","13,000",
2021-11-03,8481  ,政伸            ,0,"7,000",
2021-11-03,"=""00701 """,國泰股利精選30  ,"6,000","12,000",
2021-11-03,1539  ,巨庭            ,"25,000","31,000",
2021-11-03,2524  ,京城            ,"2,000","8,000",
2021-11-03,6183  ,關貿            ,"2,000","8,000",
2021-11-03,6192  ,巨路            ,"1,000","7,000",
2021-11-03,6464  ,台數科          ,"1,000","7,000",
2021-11-03,6142  ,友勁            ,"45,000","50,461",
2021-11-03,"=""00693U""",期街口S&P黃豆   ,"13,000","18,000",
2021-11-03,1203  ,味王            ,0,"5,000",
2021-11-03,1235  ,興泰            ,0,"5,000",
2021-11-03,1438  ,三地開發        ,0,"5,000",
2021-11-03,1506  ,正道            ,0,"5,000",
2021-11-03,1516  ,川飛            ,0,"5,000",
2021-11-03,2359  ,所羅門          ,"5,000","10,000",
2021-11-03,2397  ,友通            ,"5,000","10,000",
2021-11-03,2701  ,萬企            ,"3,000","8,000",
2021-11-03,2939  ,凱羿-KY         ,0,"5,000",
2021-11-03,3130  ,一零四          ,0,"5,000",
2021-11-03,6277  ,宏正            ,"9,000","14,000",
2021-11-03,6655  ,科定            ,"1,000","6,000",
2021-11-03,8482  ,商億-KY         ,0,"5,000",
2021-11-03,9906  ,欣巴巴          ,0,"5,000",
2021-11-03,6505  ,台塑化          ,"2,307,027","2,312,000",
2021-11-03,"=""00689R""",國泰20年美債反1 ,0,"4,000",
2021-11-03,"=""08048P""",群創元大13售14  ,0,"4,000",
2021-11-03,1436  ,華友聯          ,0,"4,000",
2021-11-03,1473  ,台南            ,0,"4,000",
2021-11-03,1525  ,江申            ,"1,000","5,000",
2021-11-03,2468  ,華經            ,0,"4,000",
2021-11-03,2488  ,漢平            ,"2,000","6,000",
2021-11-03,2748  ,雲品            ,"1,000","5,000",
2021-11-03,2753  ,八方雲集        ,"1,000","5,000",
2021-11-03,3266  ,昇陽            ,"10,000","14,000",
2021-11-03,3454  ,晶睿            ,"2,000","6,000",
2021-11-03,4764  ,雙鍵            ,0,"4,000",
2021-11-03,6184  ,大豐電          ,"4,000","8,000",
2021-11-03,6776  ,展碁國際        ,"8,000","12,000",
2021-11-03,8499  ,鼎炫-KY         ,"2,000","6,000",
2021-11-03,1236  ,宏亞            ,70,"4,000",
2021-11-03,"=""00634R""",富邦上証反1     ,0,"3,000",
2021-11-03,"=""00690 """,兆豐藍籌30      ,0,"3,000",
2021-11-03,"=""00739 """,元大MSCI A股    ,"2,000","5,000",
2021-11-03,"=""049770""",康普國泰18購01  ,0,"3,000",
2021-11-03,"=""050008""",康普群益18購01  ,0,"3,000",
2021-11-03,1446  ,宏和            ,"3,000","6,000",
2021-11-03,1530  ,亞崴            ,0,"3,000",
2021-11-03,1730  ,花仙子          ,0,"3,000",
2021-11-03,2025  ,千興            ,0,"3,000",
2021-11-03,2059  ,川湖            ,"47,000","50,000",
2021-11-03,3501  ,維熹            ,"15,000","18,000",
2021-11-03,3593  ,力銘            ,"1,000","4,000",
2021-11-03,4536  ,拓凱            ,"23,000","26,000",
2021-11-03,5007  ,三星            ,0,"3,000",
2021-11-03,6117  ,迎廣            ,0,"3,000",
2021-11-03,6431  ,光麗-KY         ,0,"3,000",
2021-11-03,6715  ,嘉基            ,"7,000","10,000",
2021-11-03,8072  ,陞泰            ,"1,000","4,000",
2021-11-03,8427  ,基勝-KY         ,0,"3,000",
2021-11-03,1432  ,大魯閣          ,3,"3,000",
2021-11-03,"=""00850 """,元大臺灣ESG永續 ,"32,200","35,000",
2021-11-03,2387  ,精元            ,"40,000","42,753",
2021-11-03,5546  ,永固-KY         ,"4,000","6,503",
2021-11-03,"=""00742 """,新光內需收益    ,0,"2,000",
2021-11-03,"=""00861 """,元大全球未來通訊,0,"2,000",
2021-11-03,"=""00875 """,國泰網路資安    ,"1,000","3,000",
2021-11-03,"=""037051""",健策元大11購03  ,0,"2,000",
2021-11-03,"=""045602""",萬海元大13購03  ,0,"2,000",
2021-11-03,"=""050013""",順德元大16購02  ,0,"2,000",
2021-11-03,"=""08699P""",欣興凱基15售05  ,0,"2,000",
2021-11-03,1342  ,八貫            ,0,"2,000",
2021-11-03,1439  ,中和            ,"2,000","4,000",
2021-11-03,1443  ,立益            ,0,"2,000",
2021-11-03,1521  ,大億            ,0,"2,000",
2021-11-03,1540  ,喬福            ,0,"2,000",
2021-11-03,1707  ,葡萄王          ,"12,000","14,000",
2021-11-03,1731  ,美吾華          ,"12,000","14,000",
2021-11-03,2434  ,統懋            ,0,"2,000",
2021-11-03,2453  ,凌群            ,"40,000","42,000",
2021-11-03,2597  ,潤弘            ,"22,000","24,000",
2021-11-03,2722  ,夏都            ,"3,000","5,000",
2021-11-03,3164  ,景岳            ,0,"2,000",
2021-11-03,3550  ,聯穎            ,"55,000","57,000",
2021-11-03,3679  ,新至陞          ,"12,000","14,000",
2021-11-03,4572  ,駐龍            ,0,"2,000",
2021-11-03,4737  ,華廣            ,"1,000","3,000",
2021-11-03,5534  ,長虹            ,"33,000","35,000",
2021-11-03,6128  ,上福            ,0,"2,000",
2021-11-03,6281  ,全國電          ,0,"2,000",
2021-11-03,8443  ,阿瘦            ,0,"2,000",
2021-11-03,8463  ,潤泰材          ,"5,000","7,000",
2021-11-03,8488  ,吉源-KY         ,0,"2,000",
2021-11-03,"=""0051  """,元大中型100     ,0,"1,000",
2021-11-03,"=""00645 """,富邦日本        ,0,"1,000",
2021-11-03,"=""00663L""",國泰臺灣加權正2 ,0,"1,000",
2021-11-03,"=""00728 """,第一金工業30    ,0,"1,000",
2021-11-03,"=""00771 """,元大US高息特別股,0,"1,000",
2021-11-03,"=""01003T""",兆豐新光R1      ,0,"1,000",
2021-11-03,"=""033506""",欣興統一13購02  ,0,"1,000",
2021-11-03,"=""038173""",安集元大13購01  ,0,"1,000",
2021-11-03,"=""038424""",元晶國泰13購01  ,0,"1,000",
2021-11-03,"=""038956""",鉅祥元大12購01  ,0,"1,000",
2021-11-03,"=""07694P""",欣興兆豐14售02  ,0,"1,000",
2021-11-03,1338  ,廣華-KY         ,"16,000","17,000",
2021-11-03,1735  ,日勝化          ,0,"1,000",
2021-11-03,2115  ,六暉-KY         ,0,"1,000",
2021-11-03,2373  ,震旦行          ,"1,000","2,000",
2021-11-03,2543  ,皇昌            ,0,"1,000",
2021-11-03,2739  ,寒舍            ,"1,000","2,000",
2021-11-03,2852  ,第一保          ,"1,000","2,000",
2021-11-03,2887F ,台新戊特二      ,0,"1,000",
2021-11-03,3040  ,遠見            ,"2,000","3,000",
2021-11-03,3311  ,閎暉            ,0,"1,000",
2021-11-03,3432  ,台端            ,"119,000","120,000",
2021-11-03,3617  ,碩天            ,"2,000","3,000",
2021-11-03,3702A ,大聯大甲特      ,0,"1,000",
2021-11-03,4119  ,旭富            ,"23,000","24,000",
2021-11-03,4807  ,日成-KY         ,0,"1,000",
2021-11-03,6201  ,亞弘電          ,"2,000","3,000",
2021-11-03,6216  ,居易            ,"48,000","49,000",
2021-11-03,6442  ,光聖            ,"1,000","2,000",
2021-11-03,6625  ,必應            ,0,"1,000",
2021-11-03,6641  ,基士德-KY       ,0,"1,000",
2021-11-03,6666  ,羅麗芬-KY       ,0,"1,000",
2021-11-03,8101  ,華冠            ,0,"1,000",
2021-11-03,8442  ,威宏-KY         ,0,"1,000",
2021-11-03,8466  ,美吉吉-KY       ,0,"1,000",
2021-11-03,9929  ,秋雨            ,0,"1,000",
2021-11-03,9931  ,欣高            ,"4,000","5,000",
2021-11-03,1339  ,昭輝            ,"2,040","3,000",
2021-11-03,3229  ,晟鈦            ,0,957,
2021-11-03,3494  ,誠研            ,0,872,
2021-11-03,2427  ,三商電          ,0,869,
2021-11-03,"=""00738U""",期元大道瓊白銀  ,"1,000","1,000",
2021-11-03,"=""03023Q""",恒指麥證12售03  ,"5,000",0,
2021-11-03,"=""03024Q""",恒指麥證12售04  ,0,"45,000",
2021-11-03,"=""030315""",台達電麥證11購01,0,"319,000",
2021-11-03,"=""030316""",鴻海麥證11購01  ,0,"30,000",
2021-11-03,"=""030318""",台積電麥證0B購04,"144,000",0,
2021-11-03,"=""030319""",台積電麥證11購02,"108,000","44,000",
2021-11-03,"=""030322""",凌陽麥證0C購01  ,"97,000","17,000",
2021-11-03,"=""030323""",聯發科麥證12購02,"60,000","13,000",
2021-11-03,"=""030324""",華新科麥證11購01,0,"65,000",
2021-11-03,"=""03066F""",恒指麥證12購02  ,0,"150,000",
2021-11-03,"=""030772""",台積電麥證11購03,0,"23,000",
2021-11-03,"=""030776""",長榮航麥證0C購01,"48,000","10,000",
2021-11-03,"=""030777""",華晶科麥證0B購01,"30,000",0,
2021-11-03,"=""031440""",大成鋼麥證0C購01,"20,000",0,
2021-11-03,"=""031442""",佳世達麥證0C購01,"499,000",0,
2021-11-03,"=""031444""",宏達電麥證0C購01,"21,000",0,
2021-11-03,"=""031615""",中鋼麥證0B購01  ,"190,000",0,
2021-11-03,"=""032658""",南紡麥證0B購01  ,"20,000",0,
2021-11-03,"=""032659""",聚陽麥證0B購01  ,0,"10,000",
2021-11-03,"=""032661""",長榮麥證0C購02  ,"2,000","312,000",
2021-11-03,"=""033010""",鴻海麥證12購01  ,"21,000","5,000",
2021-11-03,"=""033018""",長榮航麥證0B購01,"176,000","86,000",
2021-11-03,"=""034056""",臺股指麥證0C購06,"50,000","50,000",
2021-11-03,"=""034231""",聯電麥證0B購02  ,"30,000",0,
2021-11-03,"=""034232""",國泰金麥證0C購01,"12,000",0,
2021-11-03,"=""034531""",大立光麥證0B購02,"100,000",0,
2021-11-03,"=""034721""",鴻海麥證0C購06  ,0,"295,000",
2021-11-03,"=""035033""",遠東新麥證0C購01,"189,000",0,
2021-11-03,"=""035208""",長榮麥證0B購04  ,"82,000",0,
2021-11-03,"=""035981""",臺股指麥證11購02,"389,000","118,000",
2021-11-03,"=""036054""",台積電麥證0C購05,"1,400,000",0,
2021-11-03,"=""036171""",華新麥證11購01  ,0,"40,000",
2021-11-03,"=""036325""",榮成麥證0C購01  ,0,"50,000",
2021-11-03,"=""036326""",中鋼麥證12購01  ,"72,000","12,000",
2021-11-03,"=""036917""",順德麥證0C購01  ,"1,000",0,
2021-11-03,"=""036918""",技嘉麥證0C購01  ,0,"470,000",
2021-11-03,"=""037018""",欣興麥證0C購01  ,"2,000",0,
2021-11-03,"=""037337""",友達麥證14購01  ,"200,000",0,
2021-11-03,"=""037339""",群創麥證15購01  ,"50,000",0,
2021-11-03,"=""037340""",臺股指麥證13購01,"74,000","435,000",
2021-11-03,"=""037644""",光罩麥證11購01  ,0,"497,000",
2021-11-03,"=""038841""",友達麥證11購02  ,"35,000",0,
2021-11-03,"=""038843""",聯詠麥證11購01  ,"17,000","20,000",
2021-11-03,"=""038927""",亞聚麥證11購01  ,"3,000",0,
2021-11-03,"=""038930""",光罩麥證11購02  ,0,"8,000",
2021-11-03,"=""038934""",宏達電麥證11購01,"41,000",0,
2021-11-03,"=""038936""",中信金麥證11購01,"3,000",0,
2021-11-03,"=""038938""",健策麥證11購01  ,"6,000","2,000",
2021-11-03,"=""038940""",台表科麥證11購01,"10,000","10,000",
2021-11-03,"=""039098""",精英麥證11購01  ,0,"110,000",
2021-11-03,"=""039099""",佳世達麥證12購01,"70,000","10,000",
2021-11-03,"=""039100""",宏碁麥證12購01  ,0,"10,000",
2021-11-03,"=""039101""",義隆麥證11購01  ,0,"90,000",
2021-11-03,"=""039102""",中工麥證11購01  ,"7,000",0,
2021-11-03,"=""039103""",智原麥證12購01  ,"10,000",0,
2021-11-03,"=""039222""",群光麥證11購01  ,"30,000",0,
2021-11-03,"=""039223""",群創麥證11購03  ,0,"7,000",
2021-11-03,"=""039310""",聯電麥證13購02  ,"47,000",0,
2021-11-03,"=""039684""",同欣電麥證11購01,"76,000",0,
2021-11-03,"=""039832""",亞聚麥證11購02  ,0,"105,000",
2021-11-03,"=""039836""",矽格麥證11購02  ,0,"76,000",
2021-11-03,"=""040297""",臺股指麥證11購06,0,"1,000",
2021-11-03,"=""041948""",台塑麥證13購01  ,"100,000",0,
2021-11-03,"=""041949""",聯電麥證13購03  ,"5,000","11,000",
2021-11-03,"=""041955""",友達麥證13購01  ,0,"18,000",
2021-11-03,"=""041958""",義隆麥證13購01  ,"5,000","38,000",
2021-11-03,"=""041959""",強茂麥證14購01  ,"394,000","18,000",
2021-11-03,"=""041962""",欣興麥證13購01  ,"1,000",0,
2021-11-03,"=""041963""",康普麥證12購01  ,"13,000","55,000",
2021-11-03,"=""041964""",台表科麥證12購02,"10,000","38,000",
2021-11-03,"=""041965""",愛普麥證12購01  ,"40,000",0,
2021-11-03,"=""042508""",臺股指麥證13購03,0,"10,000",
2021-11-03,"=""042935""",亞泥麥證12購01  ,"11,000",0,
2021-11-03,"=""042939""",群光麥證12購01  ,"1,000",0,
2021-11-03,"=""042940""",南亞科麥證13購01,"17,000","37,000",
2021-11-03,"=""042941""",華新科麥證13購01,"100,000","20,000",
2021-11-03,"=""042944""",臺股指麥證12購01,"140,000",0,
2021-11-03,"=""042945""",臺股指麥證15購01,"20,000","11,000",
2021-11-03,"=""043000""",國巨麥證13購02  ,"3,000",0,
2021-11-03,"=""043191""",鴻準麥證12購01  ,"34,000",0,
2021-11-03,"=""043547""",天鈺麥證13購01  ,"10,000",0,
2021-11-03,"=""043904""",友達麥證13購02  ,0,"23,000",
2021-11-03,"=""043907""",景碩麥證13購01  ,"5,000","100,000",
2021-11-03,"=""043909""",臺股指麥證15購02,"65,000","1,000",
2021-11-03,"=""044260""",中鋼麥證16購01  ,"5,000",0,
2021-11-03,"=""044445""",矽統麥證13購01  ,"70,000",0,
2021-11-03,"=""044607""",同欣電麥證14購01,"25,000","10,000",
2021-11-03,"=""044760""",鴻準麥證15購01  ,"76,000","8,000",
2021-11-03,"=""044761""",晶豪科麥證14購01,"111,000","58,000",
2021-11-03,"=""045072""",群創麥證13購01  ,"76,000","117,000",
2021-11-03,"=""045351""",天鈺麥證13購02  ,0,"226,000",
2021-11-03,"=""045524""",萬海麥證13購01  ,"15,000",0,
2021-11-03,"=""045525""",萬海麥證13購02  ,0,"2,661,000",
2021-11-03,"=""045690""",潤泰新麥證13購01,"22,000","116,000",
2021-11-03,"=""046233""",台達電麥證13購01,"32,000","4,000",
2021-11-03,"=""046236""",台驊控麥證13購01,"60,000",0,
2021-11-03,"=""046238""",世紀鋼麥證13購01,"56,000",0,
2021-11-03,"=""046478""",大立光麥證13購02,"400,000","10,000",
2021-11-03,"=""046640""",新唐麥證14購01  ,0,"58,000",
2021-11-03,"=""047167""",華夏麥證15購01  ,"1,000",0,
2021-11-03,"=""047171""",宅配通麥證14購01,"30,000","30,000",
2021-11-03,"=""047172""",大立光麥證15購02,0,"10,000",
2021-11-03,"=""047301""",台灣50麥證15購01,"40,000","38,000",
2021-11-03,"=""047431""",中砂麥證15購01  ,"193,000","131,000",
2021-11-03,"=""047433""",聯發科麥證14購03,0,"24,000",
2021-11-03,"=""047434""",欣興麥證14購01  ,"48,000",0,
2021-11-03,"=""047822""",新纖麥證14購01  ,0,"16,000",
2021-11-03,"=""047824""",萬海麥證14購02  ,"1,000","7,000",
2021-11-03,"=""047826""",臺股指麥證17購01,0,"10,000",
2021-11-03,"=""048148""",南亞麥證14購01  ,0,"20,000",
2021-11-03,"=""048149""",東聯麥證14購01  ,"305,000",0,
2021-11-03,"=""048150""",聯電麥證16購02  ,"20,000",0,
2021-11-03,"=""048151""",廣宇麥證14購01  ,"39,000",0,
2021-11-03,"=""048152""",台驊控麥證15購01,"21,000","18,000",
2021-11-03,"=""048153""",祥碩麥證14購01  ,"3,000",0,
2021-11-03,"=""048154""",聯茂麥證14購01  ,0,"10,000",
2021-11-03,"=""048461""",新興麥證15購01  ,"6,000",0,
2021-11-03,"=""048462""",大立光麥證14購02,"2,000",0,
2021-11-03,"=""048782""",臺股指麥證14購02,0,"20,000",
2021-11-03,"=""048783""",臺股指麥證14購03,"115,000","7,000",
2021-11-03,"=""049039""",景碩麥證14購01  ,0,"10,000",
2021-11-03,"=""049184""",光寶科麥證14購01,"18,000","4,000",
2021-11-03,"=""049186""",祥碩麥證17購01  ,"18,000","2,000",
2021-11-03,"=""049187""",可寧衛麥證14購01,"10,000",0,
2021-11-03,"=""049372""",微星麥證14購01  ,"9,000",0,
2021-11-03,"=""049502""",國巨麥證16購01  ,"3,000",0,
2021-11-03,"=""049503""",南茂麥證16購01  ,"17,000","6,000",
2021-11-03,"=""049504""",臺股指麥證17購02,0,"5,000",
2021-11-03,"=""049524""",宏達電凱基17購01,"1,000","1,000",
2021-11-03,"=""049857""",南紡麥證16購01  ,0,"13,000",
2021-11-03,"=""050070""",強茂麥證14購02  ,"4,000",0,
2021-11-03,"=""050301""",中鋼麥證16購02  ,"1,000","1,000",
2021-11-03,"=""050303""",聯電麥證18購02  ,"4,000",0,
2021-11-03,"=""050304""",鴻準麥證16購01  ,"42,000","27,000",
2021-11-03,"=""050305""",大立光麥證16購01,0,"2,000",
2021-11-03,"=""050406""",富邦金麥證15購01,0,"1,000",
2021-11-03,"=""050408""",康舒麥證16購01  ,0,"6,000",
2021-11-03,"=""06764P""",臺股指麥證11售01,"458,000","3,000",
2021-11-03,"=""06835P""",臺股指麥證0C售04,"4,000","57,000",
2021-11-03,"=""06836P""",臺股指麥證0C售05,"70,000","139,000",
2021-11-03,"=""06863P""",台灣50麥證0C售02,"211,000","195,000",
2021-11-03,"=""07307P""",臺股指麥證11售04,0,"3,000",
2021-11-03,"=""07468P""",臺股指麥證11售05,"113,000","8,000",
2021-11-03,"=""07516P""",臺股指麥證13售02,0,"20,000",
2021-11-03,"=""07790P""",臺股指麥證14售01,"18,000","249,000",
2021-11-03,"=""08098P""",臺股指麥證15售03,"46,000","12,000",
2021-11-03,"=""081384""",聯發科麥證0C購01,"124,000",0,
2021-11-03,"=""081870""",台積電麥證0B購01,"1,539,000",0,
2021-11-03,"=""08207P""",臺股指麥證13售06,"10,000","20,000",
2021-11-03,"=""08208P""",臺股指麥證16售01,"49,000","63,000",
2021-11-03,"=""083072""",台積電麥證0C購01,"75,000",0,
2021-11-03,"=""083454""",鴻海麥證0B購01  ,"50,000",0,
2021-11-03,"=""08352P""",臺股指麥證15售04,0,"50,000",
2021-11-03,"=""085469""",台積電麥證0C購02,"10,000",0,
2021-11-03,"=""085471""",友達麥證0B購01  ,"114,000",0,
2021-11-03,"=""085473""",聯發科麥證0C購02,"20,000",0,
2021-11-03,"=""086509""",群創麥證11購01  ,0,"60,000",
2021-11-03,"=""08681P""",臺股指麥證15售05,"50,000","5,000",
2021-11-03,"=""086885""",聯電麥證0C購03  ,"5,000","5,000",
2021-11-03,"=""087194""",台積電麥證11購01,"7,000","28,000",
2021-11-03,"=""087356""",臺股指麥證0C購02,"11,000","10,000",
2021-11-03,"=""087357""",臺股指麥證0C購03,"519,000","201,000",
2021-11-03,"=""08928P""",台積電麥證15售03,"24,000","36,000",
2021-11-03,"=""08953P""",臺股指麥證17售03,0,"3,000",
2021-11-03,1340  ,勝悅-KY         ,"2,000","2,000",
2021-11-03,1817  ,凱撒衛          ,"2,000","2,000",
2021-11-03,2247  ,汎德永業        ,"2,000","2,000",
2021-11-03,3543  ,州巧            ,"1,000","1,000",
2021-11-03,4440  ,宜新實業        ,"1,000","1,000",
2021-11-03,6426  ,統新            ,"10,000","10,000",
2021-11-03,9942  ,茂順            ,"9,000","9,000",
